<?xml version="1.0" encoding="utf-8"?>
<databaseChangeLog
    xmlns="http://www.liquibase.org/xml/ns/dbchangelog"
    xmlns:ext="http://www.liquibase.org/xml/ns/dbchangelog-ext"
    xmlns:xsi="http://www.w3.org/2001/XMLSchema-instance"
    xsi:schemaLocation="http://www.liquibase.org/xml/ns/dbchangelog http://www.liquibase.org/xml/ns/dbchangelog/dbchangelog-3.8.xsd
                        http://www.liquibase.org/xml/ns/dbchangelog-ext http://www.liquibase.org/xml/ns/dbchangelog/dbchangelog-ext.xsd">

        <property name="autoIncrement" value="true"/>

    <!--
        Added the entity PedidoCabecera.
    -->
    <changeSet id="20200520191500-1" author="jhipster">
        <createTable tableName="pedido_cabecera">
            <column name="id" type="bigint" autoIncrement="${autoIncrement}">
                <constraints primaryKey="true" nullable="false"/>
            </column>
            <column name="fecha_creacion" type="datetime">
                <constraints nullable="true" />
            </column>
            <column name="fecha_entrega" type="datetime">
                <constraints nullable="true" />
            </column>
            <column name="pedido_numero" type="integer">
                <constraints nullable="true" />
            </column>
            <column name="descripcion" type="varchar(255)">
                <constraints nullable="true" />
            </column>
            <column name="facturado" type="boolean">
                <constraints nullable="true" />
            </column>
            <column name="entregado" type="boolean">
                <constraints nullable="true" />
            </column>
            <column name="total_bruto" type="decimal(21,2)">
                <constraints nullable="true" />
            </column>
            <column name="total_iva" type="decimal(21,2)">
                <constraints nullable="true" />
            </column>
            <column name="total_imp_consumo" type="decimal(21,2)">
                <constraints nullable="true" />
            </column>
            <column name="total" type="decimal(21,2)">
                <constraints nullable="true" />
            </column>
            <column name="cliente_no_id" type="bigint">
                <constraints nullable="true" />
            </column>
            <!-- jhipster-needle-liquibase-add-column - JHipster will add columns here, do not remove-->
        </createTable>
        <dropDefaultValue tableName="pedido_cabecera" columnName="fecha_creacion" columnDataType="datetime"/>
        <dropDefaultValue tableName="pedido_cabecera" columnName="fecha_entrega" columnDataType="datetime"/>
    </changeSet>

    <changeSet id="20200520191500-1-relations" author="jhipster">

    </changeSet>
    <!-- jhipster-needle-liquibase-add-changeset - JHipster will add changesets here, do not remove-->

    <!--
        Load sample data generated with Faker.js
        - This data can be easily edited using a CSV editor (or even MS Excel) and
          is located in the 'src/main/resources/config/liquibase/fake-data' directory
        - By default this data is applied when running with the JHipster 'dev' profile.
          This can be customized by adding or removing 'faker' in the 'spring.liquibase.contexts'
          Spring Boot configuration key.
    -->
    <changeSet id="20200520191500-1-data" author="jhipster" context="faker">
        <loadData
                  file="config/liquibase/fake-data/pedido_cabecera.csv"
                  separator=";"
                  tableName="pedido_cabecera">
            <column name="id" type="numeric"/>
            <column name="fecha_creacion" type="datetime"/>
            <column name="fecha_entrega" type="datetime"/>
            <column name="pedido_numero" type="numeric"/>
            <column name="descripcion" type="string"/>
            <column name="facturado" type="boolean"/>
            <column name="entregado" type="boolean"/>
            <column name="total_bruto" type="numeric"/>
            <column name="total_iva" type="numeric"/>
            <column name="total_imp_consumo" type="numeric"/>
            <column name="total" type="numeric"/>
            <!-- jhipster-needle-liquibase-add-loadcolumn - JHipster (and/or extensions) can add load columns here, do not remove-->
        </loadData>
    </changeSet>

</databaseChangeLog>
