id;tipo_doc;no_identificacion;nombre;apellido;direccion;telefono;celular;email
1;Credit Card Account;41214;transform;Assistant New Jersey enterprise;Surinam Dollar Operative Green;virtual;card Wooden;Maximus92@hotmail.com
2;Advanced local;97259;incubate;Keys Usability transmit;Gloves transmitter;synthesize Specialist;azure bottom-line override;Mya73@gmail.com
3;North Dakota payment digital;9201;CSS Bedfordshire;Flat indexing Sleek Soft Pants;transitional user-facing;purple;Solutions background;Bernardo.OConnell63@hotmail.com
4;instruction set;69517;lime Home Loan Account Investment Account;Savings Account interactive;calculating Cheese;withdrawal Licensed Steel Chicken;sensor Functionality deposit;Luella_Rath17@hotmail.com
5;Investor;58790;Practical Metal Keyboard 24/365 cultivate;sticky;Investment Account client-driven Investment Account;Auto Loan Account Chips synergy;Jewelery Liberian Dollar multi-state;Kenyon.Rempel45@yahoo.com
6;Salad quantify Customer;78738;Quality-focused Security Program;Tuna Credit Card Account;Extensions vertical withdrawal;implement;Configuration;Koby.Armstrong@gmail.com
7;Trail Sleek Frozen Table;52515;parallelism Avon;schemas calculating;card Orchestrator navigate;eyeballs Cambridgeshire;Bacon capacitor Wall;Kristopher.Orn91@hotmail.com
8;Forward Cambridgeshire;36903;Home;interface Configurable Handcrafted Cotton Pizza;Reactive;partnerships Intranet Specialist;generating synergy feed;Millie49@yahoo.com
9;Salad Hat;96862;Dynamic;Phased;Meadow Books;Future digital;Tasty Granite Bacon utilize Mountains;Alexandria_Kuhlman@yahoo.com
10;Music;99181;Bahamian Dollar Investment Account;Pula Response Rustic Cotton Shirt;Refined Steel Chicken;success action-items Maine;HTTP Technician implement;Brandyn.Borer8@gmail.com
